[{"actor":"ruzyysmartt","repo":"ruzyysmartt/vocaloid-gui","created_at":1561683322779,"action":"repo.create","user":"ruzyysmartt"},{"actor":"ruzyysmartt","created_at":1560958564407,"action":"user.create","user":"ruzyysmartt"},{"actor":"ruzyysmartt","repo":"ruzyysmartt/git-hub","created_at":1560961083428,"action":"repo.create","user":"ruzyysmartt"},{"actor":"ruzyysmartt","created_at":1561690520508,"action":"oauth_authorization.create","user":"ruzyysmartt"},{"actor":"ruzyysmartt","org":"ruzyysmartt","repo":["ruzyysmartt/git-hub"],"created_at":1561336526390,"action":"migration.create"},{"actor":"ruzyysmartt","created_at":1562040202710,"action":"oauth_authorization.create","user":"ruzyysmartt"},{"actor":"ruzyysmartt","created_at":1564263578235,"action":"oauth_authorization.create","user":"ruzyysmartt"},{"actor":"ruzyysmartt","created_at":1562446365024,"action":"oauth_authorization.create","user":"ruzyysmartt"},{"actor":"ruzyysmartt","created_at":1562468884170,"action":"integration_installation.create","user":"ruzyysmartt"},{"actor":"ruzyysmartt","org":"ruzyysmartt","repo":["ruzyysmartt/git-hub","ruzyysmartt/vocaloid-gui"],"created_at":1564126941054,"action":"migration.create"},{"actor":"ruzyysmartt","action":"integration_installation.create","created_at":1562468999177,"user":"ruzyysmartt"},{"actor":"ruzyysmartt","created_at":1564257610526,"action":"oauth_authorization.create","user":"ruzyysmartt"},{"actor":"ruzyysmartt","action":"marketplace_agreement_signature.create","created_at":1562468843116,"user":"ruzyysmartt"},{"actor":"ruzyysmartt","created_at":1564237709242,"action":"oauth_authorization.create","user":"ruzyysmartt"},{"actor":"ruzyysmartt","created_at":1568490272933,"action":"oauth_authorization.create","user":"ruzyysmartt"},{"actor":"ruzyysmartt","created_at":1572547617552,"action":"oauth_authorization.create","user":"ruzyysmartt"},{"actor":"ruzyysmartt","created_at":1573630640814,"action":"integration_installation.repositories_added","user":"ruzyysmartt"},{"actor":"ruzyysmartt","repo":"ruzyysmartt/explore","created_at":1572993935814,"action":"repo.create","user":"ruzyysmartt"},{"actor":"ruzyysmartt","repo":"ruzyysmartt/my-Address-wallet","created_at":1573128097231,"action":"repo.create","user":"ruzyysmartt"},{"actor":"ruzyysmartt","repo":"ruzyysmartt/vocaloid-gui","created_at":1573130963854,"action":"repo.pages_create","user":"ruzyysmartt"},{"actor":"ruzyysmartt","created_at":1573315425920,"action":"user.add_email","user":"ruzyysmartt"},{"actor":"ruzyysmartt","created_at":1574789696080,"action":"integration_installation.repositories_added","user":"ruzyysmartt"},{"actor":"ruzyysmartt","created_at":1574360731034,"action":"integration_installation.repositories_added","user":"ruzyysmartt"},{"actor":"ruzyysmartt","created_at":1574133075322,"action":"project.create","user":"ruzyysmartt"},{"actor":"ruzyysmartt","created_at":1574106293784,"action":"integration_installation.create","user":"ruzyysmartt"},{"actor":"ruzyysmartt","created_at":1574433632592,"action":"integration_installation.repositories_added","user":"ruzyysmartt"},{"actor":"ruzyysmartt","repo":"ruzyysmartt/0x3023868433F6086cd8CE0C4083fe2E11B37ce0B7","created_at":1574789696142,"action":"repo.create","user":"ruzyysmartt"},{"actor":"ruzyysmartt","data":{"hook_id":155723748,"events":["push"]},"repo":"ruzyysmartt/my-wallet-ethereum","created_at":1573122470413,"action":"hook.create"},{"actor":"ruzyysmartt","created_at":1573128097231,"action":"integration_installation.repositories_added","user":"ruzyysmartt"},{"actor":"ruzyysmartt","created_at":1574105708288,"action":"oauth_authorization.create","user":"ruzyysmartt"},{"actor":"ruzyysmartt","repo":"ruzyysmartt/showmewhatyougot","created_at":1574788001360,"action":"repo.create","user":"ruzyysmartt"},{"actor":"ruzyysmartt","repo":"ruzyysmartt/my-wallet-ethereum","created_at":1573099232230,"action":"repo.pages_create","user":"ruzyysmartt"},{"actor":"ruzyysmartt","created_at":1573101285182,"action":"user.add_email","user":"ruzyysmartt"},{"actor":"ruzyysmartt","created_at":1573133069504,"action":"oauth_authorization.create","user":"ruzyysmartt"},{"actor":"ruzyysmartt","created_at":1572993935814,"action":"integration_installation.repositories_added","user":"ruzyysmartt"},{"actor":"ruzyysmartt","repo":"ruzyysmartt/my-etherscan-wallet","created_at":1573264370062,"action":"repo.create","user":"ruzyysmartt"},{"actor":"ruzyysmartt","action":"integration_installation.repositories_added","created_at":1574360336606,"user":"ruzyysmartt"},{"actor":"ruzyysmartt","data":{"hook_id":161196981,"events":["push"]},"repo":"ruzyysmartt/0x3023868433F6086cd8CE0C4083fe2E11B37ce0B7","created_at":1574791572447,"action":"hook.create"},{"actor":"ruzyysmartt","created_at":1573632377189,"action":"integration_installation.repositories_added","user":"ruzyysmartt"},{"actor":"ruzyysmartt","created_at":1574433632660,"action":"integration_installation.repositories_added","user":"ruzyysmartt"},{"actor":"ruzyysmartt","created_at":1574788001255,"action":"integration_installation.repositories_added","user":"ruzyysmartt"},{"actor":"ruzyysmartt","repo":"ruzyysmartt/remix-ethereum.org","created_at":1574360731290,"action":"repo.create","user":"ruzyysmartt"},{"actor":"ruzyysmartt","created_at":1574107798988,"action":"integration_installation.repositories_added","user":"ruzyysmartt"},{"actor":"ruzyysmartt","created_at":1574789696011,"action":"integration_installation.repositories_added","user":"ruzyysmartt"},{"actor":"ruzyysmartt","repo":"ruzyysmartt/openzeppelin-contracts","created_at":1572869671381,"action":"repo.create","user":"ruzyysmartt"},{"actor":"ruzyysmartt","created_at":1573097878790,"action":"integration_installation.repositories_added","user":"ruzyysmartt"},{"actor":"ruzyysmartt","created_at":1573629647256,"action":"oauth_authorization.create","user":"ruzyysmartt"},{"actor":"ruzyysmartt","repo":"ruzyysmartt/guides","created_at":1574433632778,"action":"repo.create","user":"ruzyysmartt"},{"actor":"ruzyysmartt","repo":"ruzyysmartt/logo-ethereum-png","created_at":1573630640882,"action":"repo.create","user":"ruzyysmartt"},{"actor":"ruzyysmartt","created_at":1574106001706,"action":"integration_installation.create","user":"ruzyysmartt"},{"actor":"ruzyysmartt","created_at":1574788001312,"action":"integration_installation.repositories_added","user":"ruzyysmartt"},{"actor":"ruzyysmartt","repo":"ruzyysmartt/my-wallet-ethereum","created_at":1573097878790,"action":"repo.create","user":"ruzyysmartt"},{"actor":"ruzyysmartt","created_at":1572869671381,"action":"integration_installation.repositories_added","user":"ruzyysmartt"},{"actor":"ruzyysmartt","created_at":1573264557383,"action":"oauth_authorization.create","user":"ruzyysmartt"},{"actor":"ruzyysmartt","org":"ruzyysmartt","repo":["ruzyysmartt/explore","ruzyysmartt/git-hub","ruzyysmartt/my-Address-wallet","ruzyysmartt/my-wallet-ethereum","ruzyysmartt/openzeppelin-contracts","ruzyysmartt/vocaloid-gui"],"created_at":1573131422425,"action":"migration.create"},{"actor":"ruzyysmartt","action":"integration_installation.repositories_added","created_at":1573130964121,"user":"ruzyysmartt"},{"actor":"ruzyysmartt","created_at":1574360730914,"action":"integration_installation.repositories_added","user":"ruzyysmartt"},{"actor":"ruzyysmartt","org":"ruzyysmartt","repo":["ruzyysmartt/explore","ruzyysmartt/git-hub","ruzyysmartt/my-Address-wallet","ruzyysmartt/my-wallet-ethereum","ruzyysmartt/openzeppelin-contracts","ruzyysmartt/vocaloid-gui"],"created_at":1573131776078,"action":"migration.create"},{"actor":"ruzyysmartt","created_at":1573264370528,"action":"oauth_authorization.create","user":"ruzyysmartt"},{"actor":"ruzyysmartt","action":"integration_installation.create","created_at":1573099232504,"user":"ruzyysmartt"},{"actor":"ruzyysmartt","created_at":1573264369997,"action":"integration_installation.repositories_added","user":"ruzyysmartt"},{"actor":"ruzyysmartt","created_at":1573099232857,"action":"oauth_authorization.create","user":"ruzyysmartt"},{"actor":"ruzyysmartt","repo":"ruzyysmartt/logo-ethereum.png","created_at":1573632377294,"action":"repo.create","user":"ruzyysmartt"},{"actor":"ruzyysmartt","org":"ruzyysmartt","repo":["ruzyysmartt/explore","ruzyysmartt/git-hub","ruzyysmartt/my-Address-wallet","ruzyysmartt/my-etherscan-wallet","ruzyysmartt/my-wallet-ethereum","ruzyysmartt/openzeppelin-contracts","ruzyysmartt/vocaloid-gui"],"created_at":1573629515801,"action":"migration.create"},{"actor":"ruzyysmartt","created_at":1574133177394,"action":"project.create","user":"ruzyysmartt"},{"actor":"ruzyysmartt","created_at":1576849859593,"action":"integration_installation.repositories_added","user":"ruzyysmartt"},{"actor":"ruzyysmartt","created_at":1576863125806,"action":"integration_installation.repositories_added","user":"ruzyysmartt"},{"actor":"ruzyysmartt","org":"https-github-com-ruzyysmartt","created_at":1576886250813,"action":"project.create"},{"actor":"ruzyysmartt","repo":"ruzyysmartt/my-key-wallet-0xde0b295669a9fd93d5f28d9ec85e40f4cb697bae","created_at":1576859378724,"action":"repo.create","user":"ruzyysmartt"},{"actor":"ruzyysmartt","created_at":1576930292334,"action":"integration_installation.repositories_added","user":"ruzyysmartt"},{"actor":"ruzyysmartt","org":"https-github-com-ruzyysmartt","created_at":1576887056024,"action":"project.create"},{"actor":"ruzyysmartt","created_at":1577023149604,"action":"integration_installation.repositories_added","user":"ruzyysmartt"},{"actor":"ruzyysmartt","created_at":1577058916536,"action":"integration_installation.repositories_added","user":"ruzyysmartt"},{"actor":"ruzyysmartt","repo":"ruzyysmartt/download.mycrypto.com","created_at":1576841508768,"action":"repo.create","user":"ruzyysmartt"},{"actor":"ruzyysmartt","org":"https-github-com-ruzyysmartt","repo":"https-github-com-ruzyysmartt/docs-travis-ci-com","created_at":1577721390763,"action":"repo.create"},{"actor":"ruzyysmartt","org":"https-github-com-ruzyysmartt","repo":"https-github-com-ruzyysmartt/cccatalog-frontend","created_at":1577541551397,"action":"repo.create"},{"actor":"ruzyysmartt","created_at":1577381433608,"action":"integration_installation.repositories_added","user":"ruzyysmartt"},{"actor":"ruzyysmartt","created_at":1577235011866,"action":"marketplace_listing.create","user":"ruzyysmartt"},{"actor":"ruzyysmartt","org":"https-github-com-ruzyysmartt","repo":"https-github-com-ruzyysmartt/public_key","created_at":1577240084788,"action":"repo.create"},{"actor":"ruzyysmartt","org":"https-github-com-ruzyysmartt","repo":"https-github-com-ruzyysmartt/stellar-core","created_at":1577808817268,"action":"repo.create"},{"actor":"ruzyysmartt","created_at":1576169994727,"action":"oauth_authorization.create","user":"ruzyysmartt"},{"actor":"ruzyysmartt","created_at":1576169569839,"action":"integration_installation.repositories_added","user":"ruzyysmartt"},{"actor":"ruzyysmartt","repo":"ruzyysmartt/remix","created_at":1576477659506,"action":"repo.create","user":"ruzyysmartt"},{"actor":"ruzyysmartt","org":"https-github-com-ruzyysmartt","action":"integration_installation.create","created_at":1576861167023},{"actor":"ruzyysmartt","created_at":1576863424818,"action":"integration_installation.repositories_added","user":"ruzyysmartt"},{"actor":"ruzyysmartt","org":"https-github-com-ruzyysmartt","repo":"https-github-com-ruzyysmartt/source-verify","created_at":1576872661857,"action":"repo.create"},{"actor":"ruzyysmartt","created_at":1576852834621,"action":"oauth_authorization.create","user":"ruzyysmartt"},{"actor":"ruzyysmartt","repo":"ruzyysmartt/desktop","created_at":1577024244097,"action":"repo.create","user":"ruzyysmartt"},{"actor":"ruzyysmartt","org":"https-github-com-ruzyysmartt","created_at":1577096529376,"action":"integration_installation.create"},{"actor":"ruzyysmartt","created_at":1577087235530,"action":"integration_installation.repositories_added","user":"ruzyysmartt"},{"actor":"ruzyysmartt","created_at":1577102515586,"action":"user.add_email","user":"ruzyysmartt"},{"actor":"ruzyysmartt","org":"github-com-account-organizations-news","created_at":1577432373999,"action":"org.add_member","user":"ruzyysmartt"},{"actor":"ruzyysmartt","org":"https-github-com-ruzyysmartt","repo":"https-github-com-ruzyysmartt/fuzzy-enigma","created_at":1577534985760,"action":"repo.add_member","user":"ruzyysmartt"},{"actor":"ruzyysmartt","repo":"ruzyysmartt/docs-travis-ci-com","created_at":1577721271443,"action":"repo.create","user":"ruzyysmartt"},{"actor":"ruzyysmartt","org":"github-com-account-organizations-news","repo":"github-com-account-organizations-news/writecontract","created_at":1577742433711,"action":"repo.create"},{"actor":"ruzyysmartt","created_at":1577501342087,"action":"integration_installation.repositories_added","user":"ruzyysmartt"},{"actor":"ruzyysmartt","repo":"ruzyysmartt/from-ruzyysmartt-github-txt-remix-debugge-commit-reponsentory","created_at":1577334695480,"action":"repo.create","user":"ruzyysmartt"},{"actor":"ruzyysmartt","repo":"ruzyysmartt/flight-manual.atom.io","created_at":1577236091839,"action":"repo.create","user":"ruzyysmartt"},{"actor":"ruzyysmartt","created_at":1576171344009,"action":"oauth_authorization.create","user":"ruzyysmartt"},{"actor":"ruzyysmartt","created_at":1577236642249,"action":"integration_installation.repositories_added","user":"ruzyysmartt"},{"actor":"ruzyysmartt","created_at":1577243194752,"action":"user.add_email","user":"ruzyysmartt"},{"actor":"ruzyysmartt","created_at":1577249630435,"action":"user.add_email","user":"ruzyysmartt"},{"actor":"ruzyysmartt","org":"https-github-com-ruzyysmartt","repo":"https-github-com-ruzyysmartt/hello-world-javascript-action","created_at":1577436025596,"action":"repo.create"},{"actor":"ruzyysmartt","repo":"ruzyysmartt/ruzyysmartt-bechmark-reposentory","created_at":1577095876956,"action":"project.create"},{"actor":"ruzyysmartt","repo":"ruzyysmartt/ruzyysmartt-ether-0x3023868433F6086cd8CE0C4083fe2E11B37ce0B7","created_at":1576863424951,"action":"repo.create","user":"ruzyysmartt"},{"actor":"ruzyysmartt","created_at":1576709977841,"action":"integration_installation.repositories_added","user":"ruzyysmartt"},{"actor":"ruzyysmartt","created_at":1577023149678,"action":"integration_installation.repositories_added","user":"ruzyysmartt"},{"actor":"ruzyysmartt","repo":"ruzyysmartt/complitasion-remix-debugge-transacsion","created_at":1577023149738,"action":"repo.create","user":"ruzyysmartt"},{"actor":"ruzyysmartt","created_at":1577023534032,"action":"integration_installation.repositories_added","user":"ruzyysmartt"},{"actor":"ruzyysmartt","created_at":1577723004128,"action":"integration_installation.repositories_added","user":"ruzyysmartt"},{"actor":"ruzyysmartt","created_at":1576531915561,"action":"integration_installation.repositories_added","user":"ruzyysmartt"},{"actor":"ruzyysmartt","created_at":1576535050980,"action":"integration_installation.repositories_added","user":"ruzyysmartt"},{"actor":"ruzyysmartt","repo":"ruzyysmartt/0x3023868433F6086cd8CE0C4083fe2E11B37ce0B7","created_at":1576415363321,"action":"repo.pages_create","user":"ruzyysmartt"},{"actor":"ruzyysmartt","repo":"ruzyysmartt/Ethereum-Game-Development-Projects","created_at":1576118732477,"action":"repo.create","user":"ruzyysmartt"},{"actor":"ruzyysmartt","created_at":1576200907071,"action":"integration_installation.repositories_added","user":"ruzyysmartt"},{"actor":"ruzyysmartt","created_at":1576200405176,"action":"oauth_authorization.create","user":"ruzyysmartt"},{"actor":"ruzyysmartt","created_at":1577023315436,"action":"integration_installation.repositories_added","user":"ruzyysmartt"},{"actor":"ruzyysmartt","created_at":1576894166314,"action":"integration_installation.repositories_added","user":"ruzyysmartt"},{"actor":"ruzyysmartt","repo":"ruzyysmartt/semver","created_at":1576844561466,"action":"repo.create","user":"ruzyysmartt"},{"actor":"ruzyysmartt","repo":"ruzyysmartt/ruzyysmartt-ruzyysmartt--0x3023868433F6086cd8CE0C4083fe2E11B37ce0B7","created_at":1576863125938,"action":"repo.create","user":"ruzyysmartt"},{"actor":"ruzyysmartt","repo":"ruzyysmartt/opensource.guide","created_at":1577425964840,"action":"repo.create","user":"ruzyysmartt"},{"actor":"ruzyysmartt","repo":"ruzyysmartt/Commit-remix-debungge-Complite-set-reposentory","created_at":1577501342137,"action":"repo.create","user":"ruzyysmartt"},{"actor":"ruzyysmartt","org":"https-github-com-ruzyysmartt","repo":"https-github-com-ruzyysmartt/complitasion-remix-debugge-transacsion","created_at":1577304451974,"action":"repo.create"},{"actor":"ruzyysmartt","org":"github-com-account-organizations-news","repo":"github-com-account-organizations-news/ruzyysmartt-bechmark-reposentory","created_at":1577550246041,"action":"repo.create"},{"actor":"ruzyysmartt","created_at":1577236091773,"action":"integration_installation.repositories_added","user":"ruzyysmartt"},{"actor":"ruzyysmartt","org":"https-github-com-ruzyysmartt","repo":"https-github-com-ruzyysmartt/Remix-debugge-dicompile-ruzyysmartt-","created_at":1576894818838,"action":"repo.create"},{"actor":"ruzyysmartt","created_at":1577012094198,"action":"integration_installation.repositories_added","user":"ruzyysmartt"},{"actor":"ruzyysmartt","repo":"ruzyysmartt/-github-ruzyysmartt-repository-0xb7bbf6d2f5372022cc07b6677a9eb49ce78da8c3","created_at":1577023534086,"action":"repo.create","user":"ruzyysmartt"},{"actor":"ruzyysmartt","org":"https-github-com-ruzyysmartt","repo":"https-github-com-ruzyysmartt/Commit-remix-debungge-Complite-set-reposentory","created_at":1577695209894,"action":"repo.pages_create"},{"actor":"ruzyysmartt","org":"https-github-com-ruzyysmartt","action":"integration_installation.create","created_at":1577695210178},{"actor":"ruzyysmartt","created_at":1577721271248,"action":"integration_installation.repositories_added","user":"ruzyysmartt"},{"actor":"ruzyysmartt","org":"https-github-com-ruzyysmartt","created_at":1577778003265,"action":"integration_installation.repositories_added"},{"actor":"ruzyysmartt","created_at":1576022820760,"action":"oauth_authorization.create","user":"ruzyysmartt"},{"actor":"ruzyysmartt","created_at":1576064841063,"action":"oauth_application.create","user":"ruzyysmartt"},{"actor":"ruzyysmartt","created_at":1576535050913,"action":"integration_installation.repositories_added","user":"ruzyysmartt"},{"actor":"ruzyysmartt","repo":"ruzyysmartt/corefx","created_at":1576847655632,"action":"repo.create","user":"ruzyysmartt"},{"actor":"ruzyysmartt","repo":"ruzyysmartt/atom","created_at":1576882428127,"action":"repo.create","user":"ruzyysmartt"},{"actor":"ruzyysmartt","created_at":1576863427236,"action":"integration_installation.repositories_added","user":"ruzyysmartt"},{"actor":"ruzyysmartt","created_at":1576930292399,"action":"integration_installation.repositories_added","user":"ruzyysmartt"},{"actor":"ruzyysmartt","repo":"ruzyysmartt/web3.js","created_at":1577012094326,"action":"repo.create","user":"ruzyysmartt"},{"actor":"ruzyysmartt","org":"https-github-com-ruzyysmartt","repo":"https-github-com-ruzyysmartt/action-serverless","created_at":1577436547203,"action":"repo.create"},{"actor":"ruzyysmartt","org":"https-github-com-ruzyysmartt","repo":"https-github-com-ruzyysmartt/Commit-remix-debungge-Complite-set-reposentory","created_at":1577502376997,"action":"repo.create"},{"actor":"ruzyysmartt","created_at":1577489735903,"action":"integration_installation.repositories_added","user":"ruzyysmartt"},{"actor":"ruzyysmartt","created_at":1577727184385,"action":"integration_installation.repositories_added","user":"ruzyysmartt"},{"actor":"ruzyysmartt","created_at":1577721015451,"action":"integration_installation.create","user":"ruzyysmartt"},{"actor":"ruzyysmartt","created_at":1576172333917,"action":"oauth_authorization.create","user":"ruzyysmartt"},{"actor":"ruzyysmartt","created_at":1576200906927,"action":"integration_installation.repositories_added","user":"ruzyysmartt"},{"actor":"ruzyysmartt","repo":"ruzyysmartt/circleci-docs","created_at":1576200907141,"action":"repo.create","user":"ruzyysmartt"},{"actor":"ruzyysmartt","created_at":1576118732345,"action":"integration_installation.repositories_added","user":"ruzyysmartt"},{"actor":"ruzyysmartt","created_at":1576841508493,"action":"integration_installation.repositories_added","user":"ruzyysmartt"},{"actor":"ruzyysmartt","created_at":1577012094270,"action":"integration_installation.repositories_added","user":"ruzyysmartt"},{"actor":"ruzyysmartt","org":"https-github-com-ruzyysmartt","repo":"https-github-com-ruzyysmartt/-github-ruzyysmartt-repository-0xb7bbf6d2f5372022cc07b6677a9eb49ce78da8c3","created_at":1577023618718,"action":"repo.create"},{"actor":"ruzyysmartt","created_at":1577023533939,"action":"integration_installation.repositories_added","user":"ruzyysmartt"},{"actor":"ruzyysmartt","org":"https-github-com-ruzyysmartt","repo":"https-github-com-ruzyysmartt/my-etherscan-wallet","created_at":1576881781931,"action":"repo.create"},{"actor":"ruzyysmartt","created_at":1576848994363,"action":"integration_installation.repositories_added","user":"ruzyysmartt"},{"actor":"ruzyysmartt","created_at":1577533263706,"action":"integration_installation.repositories_added","user":"ruzyysmartt"},{"actor":"ruzyysmartt","created_at":1577721271152,"action":"integration_installation.repositories_added","user":"ruzyysmartt"},{"actor":"ruzyysmartt","org":"https-github-com-ruzyysmartt","repo":"https-github-com-ruzyysmartt/MyCrypto","created_at":1577778368883,"action":"project.create"},{"actor":"ruzyysmartt","created_at":1577781118590,"action":"integration_installation.repositories_added","user":"ruzyysmartt"},{"actor":"ruzyysmartt","created_at":1577243743077,"action":"user.add_email","user":"ruzyysmartt"},{"actor":"ruzyysmartt","created_at":1577244504855,"action":"user.add_email","user":"ruzyysmartt"},{"actor":"ruzyysmartt","org":"https-github-com-ruzyysmartt","repo":"https-github-com-ruzyysmartt/my-etherscan-wallet","created_at":1577284475111,"action":"project.create"},{"actor":"ruzyysmartt","org":"github-com-account-organizations-news","repo":"github-com-account-organizations-news/toolkit","created_at":1577435589637,"action":"repo.create"},{"actor":"ruzyysmartt","repo":"ruzyysmartt/browser-compat-data","created_at":1576850643098,"action":"project.create"},{"actor":"ruzyysmartt","created_at":1576871635185,"action":"integration_installation.repositories_added","user":"ruzyysmartt"},{"actor":"ruzyysmartt","repo":"ruzyysmartt/source-verify","created_at":1576871635245,"action":"repo.create","user":"ruzyysmartt"},{"actor":"ruzyysmartt","org":"ruzyysmartt","repo":["ruzyysmartt/atom","ruzyysmartt/bignumber.js","ruzyysmartt/brew","ruzyysmartt/browser-compat-data","ruzyysmartt/circleci-docs","ruzyysmartt/corefx","ruzyysmartt/download.mycrypto.com","ruzyysmartt/EIPs","ruzyysmartt/Ethereum-Game-Development-Projects","ruzyysmartt/ethereum-studio","ruzyysmartt/explore","ruzyysmartt/git-hub","ruzyysmartt/guides","ruzyysmartt/logo-ethereum-png","ruzyysmartt/logo-ethereum.png","ruzyysmartt/my-Address-wallet","ruzyysmartt/my-etherscan-wallet","ruzyysmartt/my-key-wallet-0xde0b295669a9fd93d5f28d9ec85e40f4cb697bae","ruzyysmartt/my-wallet-ethereum","ruzyysmartt/openzeppelin-contracts","ruzyysmartt/remix","ruzyysmartt/remix-ethereum.org","ruzyysmartt/ruzyysmartt-0x3023868433F6086cd8CE0C4083fe2E11B37ce0B7","ruzyysmartt/ruzyysmartt-ether-0x3023868433F6086cd8CE0C4083fe2E11B37ce0B7","ruzyysmartt/ruzyysmartt-ruzyysmartt--0x3023868433F6086cd8CE0C4083fe2E11B37ce0B7","ruzyysmartt/ruzyysmartt-wallet-address","ruzyysmartt/semver","ruzyysmartt/showmewhatyougot","ruzyysmartt/source-verify","ruzyysmartt/vocaloid-gui"],"created_at":1576884088035,"action":"migration.create"},{"actor":"ruzyysmartt","org":"https-github-com-ruzyysmartt","repo":"https-github-com-ruzyysmartt/rest.js","created_at":1576930000143,"action":"repo.create"},{"actor":"ruzyysmartt","created_at":1577058916597,"action":"integration_installation.repositories_added","user":"ruzyysmartt"},{"actor":"ruzyysmartt","org":"https-github-com-ruzyysmartt","repo":"https-github-com-ruzyysmartt/panoramix","created_at":1577020352175,"action":"repo.create"},{"actor":"ruzyysmartt","created_at":1576844561324,"action":"integration_installation.repositories_added","user":"ruzyysmartt"},{"actor":"ruzyysmartt","created_at":1576859378479,"action":"integration_installation.repositories_added","user":"ruzyysmartt"},{"actor":"ruzyysmartt","created_at":1576847655563,"action":"integration_installation.repositories_added","user":"ruzyysmartt"},{"actor":"ruzyysmartt","org":"https-github-com-ruzyysmartt","repo":"https-github-com-ruzyysmartt/web3.js","created_at":1577012194815,"action":"repo.create"},{"actor":"ruzyysmartt","created_at":1577023315510,"action":"integration_installation.repositories_added","user":"ruzyysmartt"},{"actor":"ruzyysmartt","org":"https-github-com-ruzyysmartt","repo":"https-github-com-ruzyysmartt/guides","created_at":1577245139530,"action":"repo.create"},{"actor":"ruzyysmartt","created_at":1577234721211,"action":"oauth_application.create","user":"ruzyysmartt"},{"actor":"ruzyysmartt","created_at":1577334695356,"action":"integration_installation.repositories_added","user":"ruzyysmartt"},{"actor":"ruzyysmartt","org":"https-github-com-ruzyysmartt","repo":"https-github-com-ruzyysmartt/from-ruzyysmartt-github-txt-remix-debugge-commit-reponsentory","created_at":1577335015324,"action":"repo.create"},{"actor":"ruzyysmartt","org":"https-github-com-ruzyysmartt","repo":"https-github-com-ruzyysmartt/sourcegraph-codecov","created_at":1577782853454,"action":"repo.create"},{"actor":"ruzyysmartt","created_at":1577781118666,"action":"integration_installation.repositories_added","user":"ruzyysmartt"},{"actor":"ruzyysmartt","created_at":1576422376165,"action":"integration_installation.create","user":"ruzyysmartt"},{"actor":"ruzyysmartt","created_at":1576118732414,"action":"integration_installation.repositories_added","user":"ruzyysmartt"},{"actor":"ruzyysmartt","created_at":1577236091690,"action":"integration_installation.repositories_added","user":"ruzyysmartt"},{"actor":"ruzyysmartt","org":"https-github-com-ruzyysmartt","repo":"https-github-com-ruzyysmartt/writecontract","created_at":1577299971948,"action":"repo.create"},{"actor":"ruzyysmartt","org":"https-github-com-ruzyysmartt","repo":"https-github-com-ruzyysmartt/kubernetes-challenge-1-wordpress","created_at":1577239127409,"action":"repo.create"},{"actor":"ruzyysmartt","created_at":1577334695427,"action":"integration_installation.repositories_added","user":"ruzyysmartt"},{"actor":"ruzyysmartt","repo":"ruzyysmartt/fuzzy-enigma","created_at":1577533263768,"action":"repo.create","user":"ruzyysmartt"},{"actor":"ruzyysmartt","repo":"ruzyysmartt/ruzyysmartt-0x3023868433F6086cd8CE0C4083fe2E11B37ce0B7","created_at":1577538926904,"action":"repo.pages_create","user":"ruzyysmartt"},{"actor":"ruzyysmartt","org":"https-github-com-ruzyysmartt","repo":"https-github-com-ruzyysmartt/opensource.guide","created_at":1577425332864,"action":"repo.create"},{"actor":"ruzyysmartt","created_at":1577381433505,"action":"integration_installation.repositories_added","user":"ruzyysmartt"},{"actor":"ruzyysmartt","repo":"ruzyysmartt/ethereum-commit-debugge-tool","created_at":1577727184552,"action":"repo.create","user":"ruzyysmartt"},{"actor":"ruzyysmartt","repo":"ruzyysmartt/rippled","created_at":1577781118731,"action":"repo.create","user":"ruzyysmartt"},{"actor":"ruzyysmartt","created_at":1576531915488,"action":"integration_installation.repositories_added","user":"ruzyysmartt"},{"actor":"ruzyysmartt","repo":"ruzyysmartt/brew","created_at":1576531915633,"action":"repo.create","user":"ruzyysmartt"},{"actor":"ruzyysmartt","created_at":1576477659365,"action":"integration_installation.repositories_added","user":"ruzyysmartt"},{"actor":"ruzyysmartt","created_at":1576882428054,"action":"integration_installation.repositories_added","user":"ruzyysmartt"},{"actor":"ruzyysmartt","created_at":1576863125698,"action":"integration_installation.repositories_added","user":"ruzyysmartt"},{"actor":"ruzyysmartt","created_at":1576863424725,"action":"integration_installation.repositories_added","user":"ruzyysmartt"},{"actor":"ruzyysmartt","created_at":1577096576633,"action":"oauth_authorization.create","user":"ruzyysmartt"},{"actor":"ruzyysmartt","repo":"ruzyysmartt/ruzyysmartt-bechmark-reposentory","created_at":1577058916646,"action":"repo.create","user":"ruzyysmartt"},{"actor":"ruzyysmartt","created_at":1577533263625,"action":"integration_installation.repositories_added","user":"ruzyysmartt"},{"actor":"ruzyysmartt","org":"https-github-com-ruzyysmartt","repo":"https-github-com-ruzyysmartt/sol2uml","created_at":1577720633627,"action":"repo.create"},{"actor":"ruzyysmartt","created_at":1577727184489,"action":"integration_installation.repositories_added","user":"ruzyysmartt"},{"actor":"ruzyysmartt","created_at":1577236642337,"action":"integration_installation.repositories_added","user":"ruzyysmartt"},{"actor":"ruzyysmartt","created_at":1577235279706,"action":"marketplace_agreement_signature.create","user":"ruzyysmartt"},{"actor":"ruzyysmartt","org":"https-github-com-ruzyysmartt","repo":"https-github-com-ruzyysmartt/my-Address-wallet","created_at":1577103509998,"action":"repo.create"},{"actor":"ruzyysmartt","created_at":1576841508561,"action":"integration_installation.repositories_added","user":"ruzyysmartt"},{"actor":"ruzyysmartt","created_at":1576859378631,"action":"integration_installation.repositories_added","user":"ruzyysmartt"},{"actor":"ruzyysmartt","org":"https-github-com-ruzyysmartt","created_at":1576858856514,"action":"org.add_member","user":"ruzyysmartt"},{"actor":"ruzyysmartt","org":"https-github-com-ruzyysmartt","repo":"https-github-com-ruzyysmartt/ruzyysmartt-0x3023868433F6086cd8CE0C4083fe2E11B37ce0B7","created_at":1576859867660,"action":"repo.create"},{"actor":"ruzyysmartt","repo":"ruzyysmartt/ethereum-studio","created_at":1576849859839,"action":"repo.create","user":"ruzyysmartt"},{"actor":"ruzyysmartt","repo":"ruzyysmartt/rest.js","created_at":1576930292459,"action":"repo.create","user":"ruzyysmartt"},{"actor":"ruzyysmartt","repo":"ruzyysmartt/EIPs","created_at":1576709978063,"action":"repo.create","user":"ruzyysmartt"},{"actor":"ruzyysmartt","created_at":1577501342026,"action":"integration_installation.repositories_added","user":"ruzyysmartt"},{"actor":"ruzyysmartt","org":"https-github-com-ruzyysmartt","repo":"https-github-com-ruzyysmartt/platform-samples","created_at":1577540138283,"action":"repo.create"},{"actor":"ruzyysmartt","org":"https-github-com-ruzyysmartt","repo":"https-github-com-ruzyysmartt/emulate-storage-data-system-operational-internal-html-version-2.0","created_at":1577435314920,"action":"repo.create"},{"actor":"ruzyysmartt","org":"https-github-com-ruzyysmartt","repo":"https-github-com-ruzyysmartt/Storage-emulate-memory-data-transaction-parity-remix-debugge-commitreposentory-complite-ruzyysmartt-","created_at":1577381484171,"action":"repo.create"},{"actor":"ruzyysmartt","created_at":1576477659433,"action":"integration_installation.repositories_added","user":"ruzyysmartt"},{"actor":"ruzyysmartt","repo":"ruzyysmartt/ruzyysmartt-wallet-address","created_at":1576535051086,"action":"repo.create","user":"ruzyysmartt"},{"actor":"ruzyysmartt","created_at":1576171558334,"action":"oauth_authorization.create","user":"ruzyysmartt"},{"actor":"ruzyysmartt","created_at":1576849859741,"action":"integration_installation.repositories_added","user":"ruzyysmartt"},{"actor":"ruzyysmartt","created_at":1577024243881,"action":"integration_installation.repositories_added","user":"ruzyysmartt"},{"actor":"ruzyysmartt","created_at":1577087235642,"action":"integration_installation.repositories_added","user":"ruzyysmartt"},{"actor":"ruzyysmartt","repo":"ruzyysmartt/commit-repository--0xde0b295669a9fd93d5f28d9ec85e40f4cb697bae","created_at":1577087235693,"action":"repo.create","user":"ruzyysmartt"},{"actor":"ruzyysmartt","org":"https-github-com-ruzyysmartt","repo":"https-github-com-ruzyysmartt/ruzyysmartt-ether-0x3023868433F6086cd8CE0C4083fe2E11B37ce0B7","created_at":1576863512266,"action":"repo.create"},{"actor":"ruzyysmartt","org":"https-github-com-ruzyysmartt","repo":"https-github-com-ruzyysmartt/atom","created_at":1576882429260,"action":"repo.create"},{"actor":"ruzyysmartt","created_at":1576894166418,"action":"integration_installation.repositories_added","user":"ruzyysmartt"},{"actor":"ruzyysmartt","created_at":1577243566394,"action":"user.add_email","user":"ruzyysmartt"},{"actor":"ruzyysmartt","org":"https-github-com-ruzyysmartt","repo":"https-github-com-ruzyysmartt/metamask-extension","created_at":1577263597710,"action":"repo.create"},{"actor":"ruzyysmartt","repo":"ruzyysmartt/Storage-emulate-memory-data-transaction-parity-remix-debugge-commitreposentory-complite-ruzyysmartt-","created_at":1577381433763,"action":"repo.create","user":"ruzyysmartt"},{"actor":"ruzyysmartt","org":"https-github-com-ruzyysmartt","repo":"https-github-com-ruzyysmartt/fuzzy-enigma","created_at":1577534714434,"action":"repo.create"},{"actor":"ruzyysmartt","org":"github-com-account-organizations-news","repo":"github-com-account-organizations-news/emulate-storage-data-system-operational-internal-html-version-2.0","created_at":1577435206883,"action":"repo.create"},{"actor":"ruzyysmartt","created_at":1576169569906,"action":"integration_installation.repositories_added","user":"ruzyysmartt"},{"actor":"ruzyysmartt","action":"integration_installation.repositories_added","created_at":1576415363543,"user":"ruzyysmartt"},{"actor":"ruzyysmartt","action":"integration_installation.repositories_added","created_at":1576846628885,"user":"ruzyysmartt"},{"actor":"ruzyysmartt","repo":"ruzyysmartt/browser-compat-data","created_at":1576848994552,"action":"repo.create","user":"ruzyysmartt"},{"actor":"ruzyysmartt","created_at":1576848994439,"action":"integration_installation.repositories_added","user":"ruzyysmartt"},{"actor":"ruzyysmartt","created_at":1576882427978,"action":"integration_installation.repositories_added","user":"ruzyysmartt"},{"actor":"ruzyysmartt","created_at":1576844561407,"action":"integration_installation.repositories_added","user":"ruzyysmartt"},{"actor":"ruzyysmartt","repo":"ruzyysmartt/commit-reposentory-0xb7bbf6d2f5372022cc07b6677a9eb49ce78da8c3","created_at":1577023315599,"action":"repo.create","user":"ruzyysmartt"},{"actor":"ruzyysmartt","created_at":1577024244033,"action":"integration_installation.repositories_added","user":"ruzyysmartt"},{"actor":"ruzyysmartt","org":"https-github-com-ruzyysmartt","action":"integration_installation.repositories_added","created_at":1576873963310},{"actor":"ruzyysmartt","created_at":1577425964777,"action":"integration_installation.repositories_added","user":"ruzyysmartt"},{"actor":"ruzyysmartt","created_at":1577434065812,"action":"integration_installation.repositories_added","user":"ruzyysmartt"},{"actor":"ruzyysmartt","created_at":1577434065898,"action":"integration_installation.repositories_added","user":"ruzyysmartt"},{"actor":"ruzyysmartt","org":"https-github-com-ruzyysmartt","repo":"https-github-com-ruzyysmartt/javascript-action","created_at":1577435957763,"action":"repo.create"},{"actor":"ruzyysmartt","org":"https-github-com-ruzyysmartt","repo":"https-github-com-ruzyysmartt/panoramix","created_at":1577329894283,"action":"project.create"},{"actor":"ruzyysmartt","data":{"hook_id":169416992,"events":["*"]},"action":"hook.create","created_at":1577235168185},{"actor":"ruzyysmartt","repo":"ruzyysmartt/my---ethereum---wallet","created_at":1577236642403,"action":"repo.create","user":"ruzyysmartt"},{"actor":"ruzyysmartt","org":"https-github-com-ruzyysmartt","repo":"https-github-com-ruzyysmartt/MyCrypto","created_at":1577776830825,"action":"repo.create"},{"actor":"ruzyysmartt","org":"https-github-com-ruzyysmartt","repo":"https-github-com-ruzyysmartt/rippled","created_at":1577782224360,"action":"repo.create"},{"actor":"ruzyysmartt","created_at":1576709977938,"action":"integration_installation.repositories_added","user":"ruzyysmartt"},{"actor":"ruzyysmartt","created_at":1576863127994,"action":"integration_installation.repositories_added","user":"ruzyysmartt"},{"actor":"ruzyysmartt","created_at":1576847655632,"action":"integration_installation.repositories_added","user":"ruzyysmartt"},{"actor":"ruzyysmartt","created_at":1576859378726,"action":"oauth_authorization.create","user":"ruzyysmartt"},{"actor":"ruzyysmartt","org":"https-github-com-ruzyysmartt","repo":"https-github-com-ruzyysmartt/ruzyysmartt-bechmark-reposentory","created_at":1577059005471,"action":"repo.create"},{"actor":"ruzyysmartt","org":"https-github-com-ruzyysmartt","repo":"https-github-com-ruzyysmartt/desktop","created_at":1577024112472,"action":"repo.create"},{"actor":"ruzyysmartt","created_at":1577489735826,"action":"integration_installation.repositories_added","user":"ruzyysmartt"},{"actor":"ruzyysmartt","repo":"ruzyysmartt/panoramix","created_at":1577489736006,"action":"repo.create","user":"ruzyysmartt"},{"actor":"ruzyysmartt","created_at":1577425964685,"action":"integration_installation.repositories_added","user":"ruzyysmartt"},{"actor":"ruzyysmartt","created_at":1577721271354,"action":"integration_installation.repositories_added","user":"ruzyysmartt"},{"actor":"ruzyysmartt","repo":"ruzyysmartt/bignumber.js","created_at":1576169569984,"action":"repo.create","user":"ruzyysmartt"},{"actor":"ruzyysmartt","created_at":1576871635105,"action":"integration_installation.repositories_added","user":"ruzyysmartt"},{"actor":"ruzyysmartt","repo":"ruzyysmartt/Remix-debugge-dicompile-ruzyysmartt-","created_at":1576894166477,"action":"repo.create","user":"ruzyysmartt"},{"actor":"ruzyysmartt","repo":"ruzyysmartt/Commit-repository-txt-xml-version-1.0","created_at":1577434065948,"action":"repo.create","user":"ruzyysmartt"},{"actor":"ruzyysmartt","data":{"hook_id":170352388,"events":["*"]},"org":"https-github-com-ruzyysmartt","repo":"https-github-com-ruzyysmartt/fuzzy-enigma","created_at":1577535268732,"action":"hook.create"},{"actor":"ruzyysmartt","created_at":1577720820094,"action":"oauth_authorization.create","user":"ruzyysmartt"},{"actor":"ruzyysmartt","repo":"ruzyysmartt/opensource.guide","created_at":1578091365413,"action":"repo.pages_create","user":"ruzyysmartt"},{"actor":"ruzyysmartt","org":"https-github-com-ruzyysmartt","repo":"https-github-com-ruzyysmartt/assets","created_at":1577932321954,"action":"repo.create"},{"actor":"ruzyysmartt","org":"https-github-com-ruzyysmartt","repo":"https-github-com-ruzyysmartt/tokens","created_at":1577870405038,"action":"repo.create"},{"actor":"ruzyysmartt","org":"github-com-account-organizations-news","repo":"github-com-account-organizations-news/Remix-debugge-dicompile-ruzyysmartt-","created_at":1578343398346,"action":"repo.add_topic","user":"ruzyysmartt"},{"actor":"ruzyysmartt","org":"github-com-account-organizations-news","repo":"github-com-account-organizations-news/Remix-debugge-dicompile-ruzyysmartt-","created_at":1578343108481,"action":"repo.create"},{"actor":"ruzyysmartt","created_at":1578341606199,"action":"integration_installation.repositories_added","user":"ruzyysmartt"},{"actor":"ruzyysmartt","created_at":1578642892978,"action":"integration_installation.repositories_added","user":"ruzyysmartt"},{"actor":"ruzyysmartt","repo":"ruzyysmartt/Ruzyysmartt-ether-Web3","created_at":1579070460046,"action":"repo.pages_create","user":"ruzyysmartt"},{"actor":"ruzyysmartt","repo":"ruzyysmartt/MyCrypto","created_at":1578921271426,"action":"repo.create","user":"ruzyysmartt"},{"actor":"ruzyysmartt","org":"ruzyysmartt","repo":["ruzyysmartt/-github-ruzyysmartt-repository-0xb7bbf6d2f5372022cc07b6677a9eb49ce78da8c3","ruzyysmartt/bignumber.js","ruzyysmartt/brew","ruzyysmartt/browser-compat-data","ruzyysmartt/circleci-docs","ruzyysmartt/Commit-remix-debungge-Complite-set-reposentory","ruzyysmartt/commit-reposentory-0xb7bbf6d2f5372022cc07b6677a9eb49ce78da8c3","ruzyysmartt/commit-repository--0xde0b295669a9fd93d5f28d9ec85e40f4cb697bae","ruzyysmartt/Commit-repository-txt-xml-version-1.0","ruzyysmartt/complitasion-remix-debugge-transacsion","ruzyysmartt/compound-protocol","ruzyysmartt/corefx","ruzyysmartt/desktop","ruzyysmartt/docs","ruzyysmartt/docs-travis-ci-com","ruzyysmartt/download.mycrypto.com","ruzyysmartt/EIPs","ruzyysmartt/ethereum-commit-debugge-tool","ruzyysmartt/Ethereum-Game-Development-Projects","ruzyysmartt/ethereum-studio","ruzyysmartt/explore","ruzyysmartt/flight-manual.atom.io","ruzyysmartt/from-ruzyysmartt-github-txt-remix-debugge-commit-reponsentory","ruzyysmartt/fuzzy-enigma","ruzyysmartt/git-hub","ruzyysmartt/guides","ruzyysmartt/Hello-World","ruzyysmartt/logo-ethereum-png","ruzyysmartt/logo-ethereum.png","ruzyysmartt/my---ethereum---wallet","ruzyysmartt/my-Address-wallet","ruzyysmartt/My-ethereum-wallet","ruzyysmartt/my-key-wallet-0xde0b295669a9fd93d5f28d9ec85e40f4cb697bae","ruzyysmartt/my-ruzyysmartt-ether-wallet","ruzyysmartt/my-wallet-ethereum","ruzyysmartt/MyCrypto","ruzyysmartt/octobox-ruzyysmartt-patch-1","ruzyysmartt/octokit.rb","ruzyysmartt/opensource.guide","ruzyysmartt/openzeppelin-contracts","ruzyysmartt/owned-wallet","ruzyysmartt/panoramix","ruzyysmartt/remix","ruzyysmartt/Remix-debugge-dicompile-ruzyysmartt-","ruzyysmartt/remix-ethereum.org","ruzyysmartt/rippled","ruzyysmartt/rippled-historical-database","ruzyysmartt/ruzyysmartt-0x3023868433F6086cd8CE0C4083fe2E11B37ce0B7","ruzyysmartt/ruzyysmartt-asset","ruzyysmartt/ruzyysmartt-atom-512521","ruzyysmartt/ruzyysmartt-bechmark-reposentory","ruzyysmartt/ruzyysmartt-ether-0x3023868433F6086cd8CE0C4083fe2E11B37ce0B7","ruzyysmartt/Ruzyysmartt-ether-Web3","ruzyysmartt/ruzyysmartt-full--assets","ruzyysmartt/ruzyysmartt-rest.-js.-","ruzyysmartt/ruzyysmartt-ruzyysmartt--0x3023868433F6086cd8CE0C4083fe2E11B37ce0B7","ruzyysmartt/ruzyysmartt-wallet-address","ruzyysmartt/semver","ruzyysmartt/showmewhatyougot","ruzyysmartt/source-verify","ruzyysmartt/Storage-emulate-memory-data-transaction-parity-remix-debugge-commitreposentory-complite-ruzyysmartt-","ruzyysmartt/update-readme","ruzyysmartt/vocaloid-gui","ruzyysmartt/web3.js"],"created_at":1579330093050,"action":"migration.create"},{"actor":"ruzyysmartt","org":null,"repo":"ruzyysmartt/ruzyysmartt-atom-512521","created_at":1578180188155,"action":"repo.add_topic","user":"ruzyysmartt"},{"actor":"ruzyysmartt","created_at":1577932284818,"action":"integration_installation.repositories_added","user":"ruzyysmartt"},{"actor":"ruzyysmartt","created_at":1577916662488,"action":"integration_installation.repositories_added","user":"ruzyysmartt"},{"actor":"ruzyysmartt","created_at":1577924558608,"action":"user.add_email","user":"ruzyysmartt"},{"actor":"ruzyysmartt","org":"github-com-account-organizations-news","repo":"github-com-account-organizations-news/vocaloid-gui","created_at":1577837748115,"action":"repo.create"},{"actor":"ruzyysmartt","org":"github-com-account-organizations-news","repo":"github-com-account-organizations-news/commit-remix-debungge-github-organize-repository-","created_at":1578468389295,"action":"repo.create"},{"actor":"ruzyysmartt","org":"https-github-com-52005723-ruzyysmartt","action":"integration_installation.create","created_at":1578534594689},{"actor":"ruzyysmartt","created_at":1578582502810,"action":"marketplace_listing.create","user":"ruzyysmartt"},{"actor":"ruzyysmartt","org":"github-com-account-organizations-news","repo":"github-com-account-organizations-news/octokit.rb","created_at":1578414596423,"action":"repo.create"},{"actor":"ruzyysmartt","org":"https-github-com-52005723-ruzyysmartt","repo":"https-github-com-52005723-ruzyysmartt/52005723-ruzyysmartt-Octokit.rb","created_at":1578414872513,"action":"repo.pages_create"},{"actor":"ruzyysmartt","org":"github-com-account-organizations-news","repo":"github-com-account-organizations-news/My-ethereum-wallet","created_at":1578341650021,"action":"repo.create"},{"actor":"ruzyysmartt","repo":"ruzyysmartt/Hello-World","created_at":1578932678698,"action":"repo.create","user":"ruzyysmartt"},{"actor":"ruzyysmartt","created_at":1578947790706,"action":"integration_installation.repositories_added","user":"ruzyysmartt"},{"actor":"ruzyysmartt","org":"github-com-account-organizations-news","repo":"github-com-account-organizations-news/web3.js","created_at":1579155982097,"action":"repo.pages_create"},{"actor":"ruzyysmartt","org":"github-com-account-organizations-news","action":"integration_installation.repositories_added","created_at":1579155982365},{"actor":"ruzyysmartt","org":"github-com-account-organizations-news","repo":"github-com-account-organizations-news/panoramix","created_at":1579142533340,"action":"repo.pages_create"},{"actor":"ruzyysmartt","created_at":1579321568751,"action":"integration_installation.repositories_added","user":"ruzyysmartt"},{"actor":"ruzyysmartt","org":"github-com-account-organizations-news","repo":"github-com-account-organizations-news/ruzyysmartt-0x3023868433F6086cd8CE0C4083fe2E11B37ce0B7","created_at":1578339929813,"action":"repo.create"},{"actor":"ruzyysmartt","created_at":1578433877361,"action":"integration.create","user":"ruzyysmartt"},{"actor":"ruzyysmartt","org":"https-github-com-52005723-ruzyysmartt","repo":"https-github-com-52005723-ruzyysmartt/my-etherscan-wallet","created_at":1578534498074,"action":"repo.pages_create"},{"actor":"ruzyysmartt","org":"github-com-account-organizations-news","repo":"github-com-account-organizations-news/nodejs.org-archive","created_at":1578609394841,"action":"repo.create"},{"actor":"ruzyysmartt","created_at":1578341606122,"action":"integration_installation.repositories_added","user":"ruzyysmartt"},{"actor":"ruzyysmartt","repo":"ruzyysmartt/docs","created_at":1578983379971,"action":"repo.create","user":"ruzyysmartt"},{"actor":"ruzyysmartt","created_at":1578932678523,"action":"integration_installation.repositories_added","user":"ruzyysmartt"},{"actor":"ruzyysmartt","org":"https-github-com-52005723-ruzyysmartt","repo":"https-github-com-52005723-ruzyysmartt/tf2team","created_at":1579148068039,"action":"repo.create"},{"actor":"ruzyysmartt","org":"https-github-com-ruzyysmartt","repo":"https-github-com-ruzyysmartt/tf2team","created_at":1579148214756,"action":"repo.create"},{"actor":"ruzyysmartt","org":null,"repo":"ruzyysmartt/assets","created_at":1578141556087,"action":"repo.add_topic","user":"ruzyysmartt"},{"actor":"ruzyysmartt","action":"integration_installation.repositories_added","created_at":1578193582100,"user":"ruzyysmartt"},{"actor":"ruzyysmartt","org":null,"repo":"ruzyysmartt/ethereum-studio","created_at":1577928618242,"action":"repo.add_topic","user":"ruzyysmartt"},{"actor":"ruzyysmartt","repo":"ruzyysmartt/my-ruzyysmartt-ether-wallet","created_at":1578717509097,"action":"repo.pages_create","user":"ruzyysmartt"},{"actor":"ruzyysmartt","org":"github-com-account-organizations-news","repo":"github-com-account-organizations-news/opensource.guide","created_at":1578406471710,"action":"repo.create"},{"actor":"ruzyysmartt","org":"github-com-account-organizations-news","repo":"github-com-account-organizations-news/my-etherscan-wallet","created_at":1578533144880,"action":"repo.create"},{"actor":"ruzyysmartt","org":"github-com-account-organizations-news","action":"integration_installation.create","created_at":1579142533675},{"actor":"ruzyysmartt","org":"github-com-account-organizations-news","repo":"github-com-account-organizations-news/tf2team","created_at":1579149876958,"action":"repo.pages_create"},{"actor":"ruzyysmartt","org":"https-github-com-ruzyysmartt","repo":"https-github-com-ruzyysmartt/panoramix","created_at":1579169872430,"action":"repo.add_topic","user":"ruzyysmartt"},{"actor":"ruzyysmartt","org":null,"repo":"ruzyysmartt/owned-wallet","created_at":1579322016518,"action":"repo.add_topic","user":"ruzyysmartt"},{"actor":"ruzyysmartt","org":"github-com-account-organizations-news","repo":"github-com-account-organizations-news/scaffold-1","created_at":1578094244365,"action":"repo.create"},{"actor":"ruzyysmartt","org":"github-com-account-organizations-news","repo":"github-com-account-organizations-news/My-ethereum-wallet","created_at":1578341708867,"action":"repo.add_topic","user":"ruzyysmartt"},{"actor":"ruzyysmartt","org":"github-com-account-organizations-news","repo":"github-com-account-organizations-news/web3.js","created_at":1578191951510,"action":"repo.create"},{"actor":"ruzyysmartt","org":"github-com-account-organizations-news","repo":"github-com-account-organizations-news/ruzyysmartt-rest.-js.-","created_at":1578194380021,"action":"repo.create"},{"actor":"ruzyysmartt","created_at":1578195168697,"action":"integration_installation.repositories_added","user":"ruzyysmartt"},{"actor":"ruzyysmartt","created_at":1577923250103,"action":"integration_installation.repositories_added","user":"ruzyysmartt"},{"actor":"ruzyysmartt","org":"https-github-com-52005723-ruzyysmartt","repo":"https-github-com-52005723-ruzyysmartt/my-etherscan-wallet","created_at":1578533159721,"action":"repo.create"},{"actor":"ruzyysmartt","repo":"ruzyysmartt/octobox","created_at":1578642893066,"action":"repo.create","user":"ruzyysmartt"},{"actor":"ruzyysmartt","data":{"hook_id":173150772,"events":["push"]},"repo":"ruzyysmartt/ruzyysmartt-Octocat-Spoon-Knife","created_at":1578428176699,"action":"hook.create"},{"actor":"ruzyysmartt","created_at":1578422609563,"action":"integration_installation.repositories_added","user":"ruzyysmartt"},{"actor":"ruzyysmartt","org":"github-com-account-organizations-news","repo":"github-com-account-organizations-news/openssl","created_at":1578578886488,"action":"repo.create"},{"actor":"ruzyysmartt","created_at":1578921271166,"action":"integration_installation.repositories_added","user":"ruzyysmartt"},{"actor":"ruzyysmartt","created_at":1578921271325,"action":"integration_installation.repositories_added","user":"ruzyysmartt"},{"actor":"ruzyysmartt","org":"github-com-account-organizations-news","repo":"github-com-account-organizations-news/ruzyysmartt-github-panoramix","created_at":1579151420043,"action":"repo.add_topic","user":"ruzyysmartt"},{"actor":"ruzyysmartt","org":null,"repo":"ruzyysmartt/owned-wallet","created_at":1579322091847,"action":"repo.add_topic","user":"ruzyysmartt"},{"actor":"ruzyysmartt","org":null,"repo":"ruzyysmartt/owned-wallet","created_at":1579322079099,"action":"repo.add_topic","user":"ruzyysmartt"},{"actor":"ruzyysmartt","created_at":1577932284883,"action":"integration_installation.repositories_added","user":"ruzyysmartt"},{"actor":"ruzyysmartt","repo":"ruzyysmartt/scaffold","created_at":1577923250206,"action":"repo.create","user":"ruzyysmartt"},{"actor":"ruzyysmartt","org":"https-github-com-ruzyysmartt","repo":"https-github-com-ruzyysmartt/etherwallet","created_at":1577856047469,"action":"repo.create"},{"actor":"ruzyysmartt","created_at":1578983379900,"action":"integration_installation.repositories_added","user":"ruzyysmartt"},{"actor":"ruzyysmartt","org":null,"repo":"ruzyysmartt/MyCrypto","created_at":1578921700240,"action":"repo.add_topic","user":"ruzyysmartt"},{"actor":"ruzyysmartt","org":"https-github-com-ruzyysmartt","repo":"https-github-com-ruzyysmartt/ethash","created_at":1578794218478,"action":"repo.add_topic","user":"ruzyysmartt"},{"actor":"ruzyysmartt","org":"https-github-com-ruzyysmartt","repo":"https-github-com-ruzyysmartt/solidity-test-bytecode","created_at":1578727961231,"action":"repo.create"},{"actor":"ruzyysmartt","org":"https-github-com-ruzyysmartt","action":"integration_installation.repositories_added","created_at":1578730651685},{"actor":"ruzyysmartt","data":{"hook_id":174111879,"events":["push"]},"repo":"ruzyysmartt/my-ruzyysmartt-ether-wallet","created_at":1578717772199,"action":"hook.create"},{"actor":"ruzyysmartt","org":"https-github-com-52005723-ruzyysmartt","action":"integration_installation.repositories_added","created_at":1578414872850},{"actor":"ruzyysmartt","created_at":1579059410372,"action":"integration_installation.repositories_added","user":"ruzyysmartt"},{"actor":"ruzyysmartt","org":"github-com-account-organizations-news","action":"integration_installation.repositories_added","created_at":1579149942784},{"actor":"ruzyysmartt","action":"user.audit_log_export","created_at":1579331469949,"user":"ruzyysmartt"},{"actor":"ruzyysmartt","created_at":1578195168763,"action":"integration_installation.repositories_added","user":"ruzyysmartt"},{"actor":"ruzyysmartt","org":"github-com-account-organizations-news","repo":"github-com-account-organizations-news/assets","created_at":1577932320980,"action":"repo.create"},{"actor":"ruzyysmartt","org":"github-com-account-organizations-news","repo":"github-com-account-organizations-news/rippled","created_at":1577914431244,"action":"repo.create"},{"actor":"ruzyysmartt","org":"https-github-com-ruzyysmartt","repo":"https-github-com-ruzyysmartt/rippled-historical-database","created_at":1577916295333,"action":"repo.create"},{"actor":"ruzyysmartt","org":"github-com-account-organizations-news","repo":"github-com-account-organizations-news/rippled-historical-database","created_at":1577916499477,"action":"repo.create"},{"actor":"ruzyysmartt","org":"https-github-com-ruzyysmartt","repo":"https-github-com-ruzyysmartt/vocaloid-gui","created_at":1577837745238,"action":"repo.create"},{"actor":"ruzyysmartt","repo":"ruzyysmartt/My-ethereum-wallet","created_at":1578341606287,"action":"repo.create","user":"ruzyysmartt"},{"actor":"ruzyysmartt","org":"https-github-com-52005723-ruzyysmartt","repo":"https-github-com-52005723-ruzyysmartt/update-readme","created_at":1578421290709,"action":"repo.create"},{"actor":"ruzyysmartt","data":{"hook_id":173152495,"events":["push"]},"repo":"ruzyysmartt/ruzyysmartt-Octocat-Spoon-Knife","created_at":1578428722498,"action":"hook.create"},{"actor":"ruzyysmartt","org":"https-github-com-ruzyysmartt","repo":"https-github-com-ruzyysmartt/scaffold-1","created_at":1578454499712,"action":"repo.pages_create"},{"actor":"ruzyysmartt","org":"https-github-com-ruzyysmartt","action":"integration_installation.repositories_added","created_at":1578454500052},{"actor":"ruzyysmartt","created_at":1578422609430,"action":"integration_installation.repositories_added","user":"ruzyysmartt"},{"actor":"ruzyysmartt","repo":"ruzyysmartt/Spoon-Knife","created_at":1578424674142,"action":"repo.create","user":"ruzyysmartt"},{"actor":"ruzyysmartt","data":{"hook_id":173169641,"events":["security_advisory","meta"]},"action":"hook.create","created_at":1578433877519},{"actor":"ruzyysmartt","org":"https-github-com-52005723-ruzyysmartt","action":"integration_installation.repositories_added","created_at":1578534498394},{"actor":"ruzyysmartt","action":"integration_installation.repositories_added","created_at":1578610944860,"user":"ruzyysmartt"},{"actor":"ruzyysmartt","org":"https-github-com-52005723-ruzyysmartt","repo":"https-github-com-52005723-ruzyysmartt/ruzyysmartt-assets","created_at":1578610313377,"action":"repo.create"},{"actor":"ruzyysmartt","created_at":1578947790831,"action":"integration_installation.repositories_added","user":"ruzyysmartt"},{"actor":"ruzyysmartt","repo":"ruzyysmartt/octokit.rb","created_at":1578947790902,"action":"repo.create","user":"ruzyysmartt"},{"actor":"ruzyysmartt","org":"https-github-com-ruzyysmartt","repo":"https-github-com-ruzyysmartt/lld-v2","created_at":1578821418462,"action":"repo.pages_create"},{"actor":"ruzyysmartt","org":"github-com-account-organizations-news","repo":"github-com-account-organizations-news/atom","created_at":1578178670790,"action":"repo.create"},{"actor":"ruzyysmartt","org":null,"repo":"ruzyysmartt/ruzyysmartt-rest.-js.-","created_at":1578194157309,"action":"repo.add_topic","user":"ruzyysmartt"},{"actor":"ruzyysmartt","created_at":1577923250033,"action":"integration_installation.repositories_added","user":"ruzyysmartt"},{"actor":"ruzyysmartt","org":"github-com-account-organizations-news","repo":"github-com-account-organizations-news/fuzzy-enigma","created_at":1577925055183,"action":"repo.create"},{"actor":"ruzyysmartt","org":"github-com-account-organizations-news","action":"integration_installation.create","created_at":1578469672959},{"actor":"ruzyysmartt","org":"github-com-account-organizations-news","repo":"github-com-account-organizations-news/update-readme","created_at":1578422779435,"action":"repo.create"},{"actor":"ruzyysmartt","repo":"ruzyysmartt/ruzyysmartt-assets","created_at":1578610561795,"action":"repo.pages_create","user":"ruzyysmartt"},{"actor":"ruzyysmartt","action":"integration_installation.repositories_added","created_at":1578610562071,"user":"ruzyysmartt"},{"actor":"ruzyysmartt","org":null,"repo":"ruzyysmartt/MyCrypto","created_at":1578921760611,"action":"repo.add_topic","user":"ruzyysmartt"},{"actor":"ruzyysmartt","created_at":1578981520917,"action":"oauth_authorization.create","user":"ruzyysmartt"},{"actor":"ruzyysmartt","org":"https-github-com-52005723-ruzyysmartt","repo":"https-github-com-52005723-ruzyysmartt/github-ruzyysmartt-markup","created_at":1578719777512,"action":"repo.create"},{"actor":"ruzyysmartt","org":"https-github-com-ruzyysmartt","repo":"https-github-com-ruzyysmartt/ruzyysmartt-rippled","created_at":1578725657011,"action":"repo.pages_create"},{"actor":"ruzyysmartt","org":"https-github-com-ruzyysmartt","repo":"https-github-com-ruzyysmartt/panoramix","created_at":1579169845266,"action":"repo.add_topic","user":"ruzyysmartt"},{"actor":"ruzyysmartt","org":null,"repo":"ruzyysmartt/panoramix","created_at":1579318595405,"action":"repo.add_topic","user":"ruzyysmartt"},{"actor":"ruzyysmartt","created_at":1577899998586,"action":"integration_installation.repositories_added","user":"ruzyysmartt"},{"actor":"ruzyysmartt","repo":"ruzyysmartt/compound-protocol","created_at":1577899998707,"action":"repo.create","user":"ruzyysmartt"},{"actor":"ruzyysmartt","org":"https-github-com-ruzyysmartt","repo":"https-github-com-ruzyysmartt/ethereum-lists","created_at":1577870480745,"action":"repo.create"},{"actor":"ruzyysmartt","org":"https-github-com-52005723-ruzyysmartt","action":"integration_installation.create","created_at":1578341322443},{"actor":"ruzyysmartt","org":null,"repo":"ruzyysmartt/opensource.guide","created_at":1578413861379,"action":"repo.add_topic","user":"ruzyysmartt"},{"actor":"ruzyysmartt","org":"https-github-com-52005723-ruzyysmartt","repo":"https-github-com-52005723-ruzyysmartt/commit-remix-debungge-github-organize-repository-","created_at":1578461156079,"action":"repo.create"},{"actor":"ruzyysmartt","org":"https-github-com-ruzyysmartt","repo":"https-github-com-ruzyysmartt/Spoon-Knife","created_at":1578425834510,"action":"repo.create"},{"actor":"ruzyysmartt","org":"https-github-com-ruzyysmartt","repo":"https-github-com-ruzyysmartt/docs","created_at":1578985501609,"action":"repo.create"},{"actor":"ruzyysmartt","org":"github-com-account-organizations-news","repo":"github-com-account-organizations-news/Hello-World","created_at":1578932833300,"action":"repo.create"},{"actor":"ruzyysmartt","org":"https-github-com-ruzyysmartt","repo":"https-github-com-ruzyysmartt/markup","created_at":1578719184993,"action":"repo.create"},{"actor":"ruzyysmartt","repo":"ruzyysmartt/Ruzyysmartt-ether-Web3","created_at":1579059847866,"action":"repository_image.create","user":"ruzyysmartt"},{"actor":"ruzyysmartt","org":null,"repo":"ruzyysmartt/panoramix","created_at":1579170492034,"action":"repo.add_topic","user":"ruzyysmartt"},{"actor":"ruzyysmartt","org":"https-github-com-52005723-ruzyysmartt","repo":"https-github-com-52005723-ruzyysmartt/tf2team","created_at":1579148129263,"action":"repo.add_topic","user":"ruzyysmartt"},{"actor":"ruzyysmartt","org":"github-com-account-organizations-news","action":"integration_installation.repositories_added","created_at":1579149877276},{"actor":"ruzyysmartt","org":"https-github-com-ruzyysmartt","repo":"https-github-com-ruzyysmartt/update-readme","created_at":1579154875199,"action":"repo.create"},{"actor":"ruzyysmartt","org":"https-github-com-ruzyysmartt","repo":"https-github-com-ruzyysmartt/source-verify","created_at":1578091997345,"action":"repo.pages_create"},{"actor":"ruzyysmartt","org":"https-github-com-ruzyysmartt","repo":"https-github-com-ruzyysmartt/ethereum-studio","created_at":1577928756583,"action":"repo.create"},{"actor":"ruzyysmartt","created_at":1578932678635,"action":"integration_installation.repositories_added","user":"ruzyysmartt"},{"actor":"ruzyysmartt","data":{"hook_id":173669170,"events":["*"]},"action":"hook.create","created_at":1578582702921},{"actor":"ruzyysmartt","created_at":1578642892874,"action":"integration_installation.repositories_added","user":"ruzyysmartt"},{"actor":"ruzyysmartt","org":"https-github-com-ruzyysmartt","repo":"https-github-com-ruzyysmartt/octobox","created_at":1578642841024,"action":"repo.create"},{"actor":"ruzyysmartt","created_at":1578424674023,"action":"integration_installation.repositories_added","user":"ruzyysmartt"},{"actor":"ruzyysmartt","repo":"ruzyysmartt/Spoon-Knife","created_at":1578426142941,"action":"repo.pages_create","user":"ruzyysmartt"},{"actor":"ruzyysmartt","action":"user.audit_log_export","created_at":1579330554115,"user":"ruzyysmartt"},{"actor":"ruzyysmartt","org":"https-github-com-ruzyysmartt","repo":"https-github-com-ruzyysmartt/ledger-live-mobile","created_at":1578034322280,"action":"repo.create"},{"actor":"ruzyysmartt","org":"https-github-com-52005723-ruzyysmartt","repo":"https-github-com-52005723-ruzyysmartt/ruzyysmartt-0x3023868433F6086cd8CE0C4083fe2E11B37ce0B7","created_at":1578340803489,"action":"repo.create"},{"actor":"ruzyysmartt","org":"https-github-com-52005723-ruzyysmartt","repo":"https-github-com-52005723-ruzyysmartt/ruzyysmartt-0x3023868433F6086cd8CE0C4083fe2E11B37ce0B7","created_at":1578341322085,"action":"repo.pages_create"},{"actor":"ruzyysmartt","org":"https-github-com-ruzyysmartt","repo":"https-github-com-ruzyysmartt/compound-protocol","created_at":1577886655814,"action":"repo.create"},{"actor":"ruzyysmartt","created_at":1577916662561,"action":"integration_installation.repositories_added","user":"ruzyysmartt"},{"actor":"ruzyysmartt","org":"https-github-com-ruzyysmartt","repo":"https-github-com-ruzyysmartt/assets","created_at":1577933550474,"action":"repo.add_topic","user":"ruzyysmartt"},{"actor":"ruzyysmartt","repo":"ruzyysmartt/update-readme","created_at":1578422609645,"action":"repo.create","user":"ruzyysmartt"},{"actor":"ruzyysmartt","org":null,"repo":"ruzyysmartt/MyCrypto","created_at":1578921790775,"action":"repo.add_topic","user":"ruzyysmartt"},{"actor":"ruzyysmartt","org":"https-github-com-52005723-ruzyysmartt","repo":"https-github-com-52005723-ruzyysmartt/web3.js","created_at":1579009127631,"action":"repo.add_topic","user":"ruzyysmartt"},{"actor":"ruzyysmartt","action":"integration_installation.repositories_added","created_at":1579059626312,"user":"ruzyysmartt"},{"actor":"ruzyysmartt","action":"user.audit_log_export","created_at":1579331308801,"user":"ruzyysmartt"},{"actor":"ruzyysmartt","org":"github-com-account-organizations-news","repo":"github-com-account-organizations-news/My-ethereum-wallet","created_at":1578341729640,"action":"repo.add_topic","user":"ruzyysmartt"},{"actor":"ruzyysmartt","org":"https-github-com-ruzyysmartt","repo":"https-github-com-ruzyysmartt/scaffold","created_at":1577922186080,"action":"repo.create"},{"actor":"ruzyysmartt","org":"https-github-com-ruzyysmartt","repo":"https-github-com-ruzyysmartt/assets","created_at":1577932510413,"action":"repo.add_topic","user":"ruzyysmartt"},{"actor":"ruzyysmartt","org":"https-github-com-52005723-ruzyysmartt","repo":"https-github-com-52005723-ruzyysmartt/panoramix","created_at":1578913642262,"action":"repo.create"},{"actor":"ruzyysmartt","org":"https-github-com-52005723-ruzyysmartt","repo":"https-github-com-52005723-ruzyysmartt/web3.js","created_at":1579008936897,"action":"repo.create"},{"actor":"ruzyysmartt","org":"https-github-com-ruzyysmartt","repo":"https-github-com-ruzyysmartt/ethash","created_at":1578794061402,"action":"repo.create"},{"actor":"ruzyysmartt","org":"https-github-com-52005723-ruzyysmartt","created_at":1579064323919,"action":"integration_installation.create"},{"actor":"ruzyysmartt","action":"integration_installation.repositories_added","created_at":1579059625759,"user":"ruzyysmartt"},{"actor":"ruzyysmartt","repo":"ruzyysmartt/Ruzyysmartt-ether-Web3","created_at":1579059410454,"action":"repo.create","user":"ruzyysmartt"},{"actor":"ruzyysmartt","org":"https-github-com-ruzyysmartt","repo":"https-github-com-ruzyysmartt/source-verify","created_at":1578730443211,"action":"repo.create"},{"actor":"ruzyysmartt","created_at":1579182952111,"action":"integration_installation.create","user":"ruzyysmartt"},{"actor":"ruzyysmartt","org":null,"repo":"ruzyysmartt/owned-wallet","created_at":1579322058777,"action":"repo.add_topic","user":"ruzyysmartt"},{"actor":"ruzyysmartt","org":"https-github-com-ruzyysmartt","repo":"https-github-com-ruzyysmartt/my-Address-wallet","created_at":1577927725071,"action":"repo.add_topic","user":"ruzyysmartt"},{"actor":"ruzyysmartt","org":"github-com-account-organizations-news","repo":"github-com-account-organizations-news/Commit-remix-debungge-Complite-set-reposentory","created_at":1577886854280,"action":"repo.create"},{"actor":"ruzyysmartt","repo":"ruzyysmartt/assets","created_at":1577932284992,"action":"repo.create","user":"ruzyysmartt"},{"actor":"ruzyysmartt","created_at":1577899998650,"action":"integration_installation.repositories_added","user":"ruzyysmartt"},{"actor":"ruzyysmartt","repo":"ruzyysmartt/rippled-historical-database","created_at":1577916662678,"action":"repo.create","user":"ruzyysmartt"},{"actor":"ruzyysmartt","org":"https-github-com-52005723-ruzyysmartt","repo":"https-github-com-52005723-ruzyysmartt/lock","created_at":1578605609944,"action":"repo.create"},{"actor":"ruzyysmartt","org":"https-github-com-52005723-ruzyysmartt","repo":"https-github-com-52005723-ruzyysmartt/octokit.rb","created_at":1578414597927,"action":"repo.create"},{"actor":"ruzyysmartt","created_at":1578424674086,"action":"integration_installation.repositories_added","user":"ruzyysmartt"},{"actor":"ruzyysmartt","org":"github-com-account-organizations-news","repo":"github-com-account-organizations-news/panoramix","created_at":1578912412004,"action":"repo.create"},{"actor":"ruzyysmartt","org":"https-github-com-ruzyysmartt","repo":"https-github-com-ruzyysmartt/lld-v2","created_at":1578818988540,"action":"repo.create"},{"actor":"ruzyysmartt","org":"https-github-com-52005723-ruzyysmartt","action":"integration_installation.repositories_added","created_at":1579011142055},{"actor":"ruzyysmartt","action":"integration_installation.repositories_added","created_at":1579070677704,"user":"ruzyysmartt"},{"actor":"ruzyysmartt","org":"github-com-account-organizations-news","repo":"github-com-account-organizations-news/ruzyysmartt-github-panoramix","created_at":1579318257026,"action":"repo.add_topic","user":"ruzyysmartt"},{"actor":"ruzyysmartt","repo":"ruzyysmartt/owned-wallet","created_at":1579321568819,"action":"repo.create","user":"ruzyysmartt"},{"actor":"ruzyysmartt","org":null,"repo":"ruzyysmartt/owned-wallet","created_at":1579322101487,"action":"repo.add_topic","user":"ruzyysmartt"},{"actor":"ruzyysmartt","org":null,"repo":"ruzyysmartt/owned-wallet","created_at":1579321995227,"action":"repo.add_topic","user":"ruzyysmartt"},{"actor":"ruzyysmartt","action":"integration_installation.repositories_added","created_at":1578091365699,"user":"ruzyysmartt"},{"actor":"ruzyysmartt","action":"integration_installation.repositories_added","created_at":1578092541111,"user":"ruzyysmartt"},{"actor":"ruzyysmartt","org":"https-github-com-ruzyysmartt","repo":"https-github-com-ruzyysmartt/octokit.rb","created_at":1578192953056,"action":"repo.create"},{"actor":"ruzyysmartt","org":"https-github-com-52005723-ruzyysmartt","created_at":1578194974526,"action":"org.add_member","user":"ruzyysmartt"},{"actor":"ruzyysmartt","org":"https-github-com-ruzyysmartt","repo":"https-github-com-ruzyysmartt/scaffold-1","created_at":1577923513168,"action":"repo.create"},{"actor":"ruzyysmartt","org":"https-github-com-ruzyysmartt","repo":"https-github-com-ruzyysmartt/ethereum-studio","created_at":1577928977093,"action":"repo.add_topic","user":"ruzyysmartt"},{"actor":"ruzyysmartt","org":"github-com-account-organizations-news","repo":"github-com-account-organizations-news/py-etherscan-api","created_at":1577840398061,"action":"repo.create"},{"actor":"ruzyysmartt","action":"integration_installation.repositories_added","created_at":1578426143344,"user":"ruzyysmartt"},{"actor":"ruzyysmartt","org":"https-github-com-52005723-ruzyysmartt","repo":"https-github-com-52005723-ruzyysmartt/web3.js","created_at":1579011141740,"action":"repo.pages_create"},{"actor":"ruzyysmartt","org":"https-github-com-ruzyysmartt","repo":"https-github-com-ruzyysmartt/source-verify","created_at":1578730651427,"action":"repo.pages_create"},{"actor":"ruzyysmartt","created_at":1579182952332,"action":"oauth_authorization.create","user":"ruzyysmartt"},{"actor":"ruzyysmartt","org":null,"repo":"ruzyysmartt/ruzyysmartt-rest.-js.-","created_at":1578193941342,"action":"repo.add_topic","user":"ruzyysmartt"},{"actor":"ruzyysmartt","org":"github-com-account-organizations-news","repo":"github-com-account-organizations-news/ruzyysmartt-github-organize-repository-","created_at":1578469385462,"action":"repo.add_member","user":"ruzyysmartt"},{"actor":"ruzyysmartt","org":"github-com-account-organizations-news","repo":"github-com-account-organizations-news/My-ethereum-wallet","created_at":1578341776761,"action":"repo.add_topic","user":"ruzyysmartt"},{"actor":"ruzyysmartt","action":"marketplace_listing_plan.create","created_at":1578932358906},{"actor":"ruzyysmartt","created_at":1578983379812,"action":"integration_installation.repositories_added","user":"ruzyysmartt"},{"actor":"ruzyysmartt","org":"https-github-com-ruzyysmartt","action":"integration_installation.repositories_added","created_at":1578821418790},{"actor":"ruzyysmartt","org":"https-github-com-ruzyysmartt","repo":"https-github-com-ruzyysmartt/lld-v2","created_at":1578821488631,"action":"repository_image.create"},{"actor":"ruzyysmartt","org":"https-github-com-52005723-ruzyysmartt","repo":"https-github-com-52005723-ruzyysmartt/Ruzyysmartt-ether-Web3","created_at":1579061050548,"action":"repository_image.create"},{"actor":"ruzyysmartt","org":"https-github-com-ruzyysmartt","repo":"https-github-com-ruzyysmartt/openzeppelin-contracts","created_at":1579054329775,"action":"repo.create"},{"actor":"ruzyysmartt","org":"github-com-account-organizations-news","repo":"github-com-account-organizations-news/tf2team","created_at":1579146982482,"action":"repo.create"},{"actor":"ruzyysmartt","org":"github-com-account-organizations-news","repo":"github-com-account-organizations-news/tf2team","created_at":1579147774620,"action":"repo.add_topic","user":"ruzyysmartt"},{"actor":"ruzyysmartt","created_at":1579321568668,"action":"integration_installation.repositories_added","user":"ruzyysmartt"},{"actor":"ruzyysmartt","org":"github-com-account-organizations-news","repo":"github-com-account-organizations-news/My-ethereum-wallet","created_at":1578341694122,"action":"repo.add_topic","user":"ruzyysmartt"},{"actor":"ruzyysmartt","created_at":1578083042770,"action":"user.add_email","user":"ruzyysmartt"},{"actor":"ruzyysmartt","org":"https-github-com-ruzyysmartt","action":"integration_installation.repositories_added","created_at":1578091997685},{"actor":"ruzyysmartt","repo":"ruzyysmartt/scaffold","created_at":1578092540808,"action":"repo.pages_create","user":"ruzyysmartt"},{"actor":"ruzyysmartt","repo":"ruzyysmartt/ruzyysmartt-asset","created_at":1578195168818,"action":"repo.create","user":"ruzyysmartt"},{"actor":"ruzyysmartt","org":null,"repo":"ruzyysmartt/ruzyysmartt-rest.-js.-","created_at":1578194317782,"action":"repo.add_topic","user":"ruzyysmartt"},{"actor":"ruzyysmartt","created_at":1578187381919,"action":"oauth_authorization.create","user":"ruzyysmartt"},{"actor":"ruzyysmartt","repo":"ruzyysmartt/ruzyysmartt-rest.-js.-","created_at":1578193581964,"action":"repo.pages_create","user":"ruzyysmartt"},{"actor":"ruzyysmartt","org":"https-github-com-ruzyysmartt","repo":"https-github-com-ruzyysmartt/py-etherscan-api","created_at":1577840038247,"action":"repo.create"},{"actor":"ruzyysmartt","org":"https-github-com-52005723-ruzyysmartt","repo":"https-github-com-52005723-ruzyysmartt/opensource.guide","created_at":1578414459612,"action":"repo.create"},{"actor":"ruzyysmartt","org":"https-github-com-ruzyysmartt","repo":"https-github-com-ruzyysmartt/download.mycrypto.com","created_at":1578920956953,"action":"repo.create"},{"actor":"ruzyysmartt","org":"https-github-com-ruzyysmartt","repo":"https-github-com-ruzyysmartt/ethash","created_at":1578794254275,"action":"repo.add_topic","user":"ruzyysmartt"},{"actor":"ruzyysmartt","org":"https-github-com-ruzyysmartt","action":"integration_installation.repositories_added","created_at":1578725657215},{"actor":"ruzyysmartt","action":"integration_installation.repositories_added","created_at":1578717509330,"user":"ruzyysmartt"},{"actor":"ruzyysmartt","org":"https-github-com-52005723-ruzyysmartt","repo":"https-github-com-52005723-ruzyysmartt/Ruzyysmartt-ether-Web3","created_at":1579060716262,"action":"repo.create"},{"actor":"ruzyysmartt","created_at":1579059410250,"action":"integration_installation.repositories_added","user":"ruzyysmartt"},{"actor":"ruzyysmartt","repo":"ruzyysmartt/owned-wallet","created_at":1579329757947,"action":"repository_image.create","user":"ruzyysmartt"}]